-- Факультет
DELETE FROM Факультет;
INSERT INTO Факультет VALUES ('ET', 'Электротехника', 'Бульвар В. Парван, 2, Тимишоара', '0256-403381');
INSERT INTO Факультет VALUES ('AC', 'Автоматика и Вычиslительная техника', 'Бульвар В. Парван, 2, Тимишоара', '0256-403211');
INSERT INTO Факультет VALUES ('MEC', 'Механика', 'Улица М. Витеазу, 1, Тимишоара', '0256-403521');
INSERT INTO Факультет VALUES ('ING', 'Инженерия', 'Улица Революции, 5, Хунедоара', '0254-207502');
INSERT INTO Факультет VALUES ('MPT', 'Менеджмент и Транспорт', 'Улица Ремус, 14, Тимишоара', '0256-403521');
INSERT INTO Факультет VALUES ('PPD', 'Подготовка Педагогического Персонала', 'Улица Траян Лалеску, 2, Тимишоара', '0256-404066');
INSERT INTO Факультет VALUES ('SC', 'Науки о Коммуникациях', 'Улица Траян Лалеску, 2, Тимишоара', '0256-404011');

-- Преподаватель
DELETE FROM Преподаватель;
INSERT INTO Преподаватель VALUES ('PAC002', '1691125355688', 'Чиприан Порумбеску', '11/25/1969', 'AC', 'prof');
INSERT INTO Преподаватель VALUES ('PMEC02', '1680619369224', 'Генри Коянда', '06/19/1968', 'MEC', 'prof');
INSERT INTO Преподаватель VALUES ('PAC003', '2690105217231', 'Кристина Папура', '01/05/1969', 'AC', 'conf');
INSERT INTO Преподаватель VALUES ('PSC001', '2851103658314', 'Мирела Черче', '11/03/1985', 'SC', 'prof');
INSERT INTO Преподаватель VALUES ('PMEC01', '2861201387923', 'Элиса Замфиреску', '12/01/1986', 'MEC', 'conf');
INSERT INTO Преподаватель VALUES ('PET001', '1810705322567', 'Михай Эминеску', '07/05/1981', 'ET', 'as'); 
INSERT INTO Преподаватель VALUES ('PMEC03', '1950214568182', 'Раул Брад', '02/14/1995', 'MEC', 'as'); 
INSERT INTO Преподаватель VALUES ('PET002', '2730216367221', 'Вероника Микле', '02/16/1973', 'ET', 'prof');
INSERT INTO Преподаватель VALUES ('PAC001', '1670718356993', 'Лука Караджале', '07/18/1967', 'AC', 'prof');
INSERT INTO Преподаватель VALUES ('PPPD01', '1831125123456', 'Мирча Беля', '11/25/1983', 'PPD', 'conf');
INSERT INTO Преподаватель VALUES ('PAC004', '2890718012301', 'Андра Нуфар', '07/18/1989', 'AC', 'as');
INSERT INTO Преподаватель VALUES ('PING03', '2841006366939', 'Мэри Холмс', '10/06/1984', 'ING', 'as');
INSERT INTO Преподаватель VALUES ('PAC005', '1951219243505', 'Джордж Поткоава', '12/19/1995', 'AC', 'as');
INSERT INTO Преподаватель VALUES ('PING01', '1691121455432', 'Габриэль Бар', '11/21/1969', 'ING', 'conf');
INSERT INTO Преподаватель VALUES ('PMPT01', '1710625721234', 'Дориан Зебра', '06/25/1971', 'MPT', 'sl');
INSERT INTO Преподаватель VALUES ('PPPD02', '2890227890123', 'Ильдико Брад', '02/27/1989', 'PPD', 'conf');
INSERT INTO Преподаватель VALUES ('PING02', '2650115821412', 'Корина Фурка', '01/15/1965', 'ING', 'conf');
INSERT INTO Преподаватель VALUES ('PAC006', '2961021365463', 'Эрсилия Херц', '10/21/1996', 'AC', 'sl'); 
INSERT INTO Преподаватель VALUES ('PPPD03', '2970317678912', 'Валдут Иримия', '03/17/1997', 'PPD', 'as');
INSERT INTO Преподаватель VALUES ('PAC007', '1760229564743', 'Ион Пинтиле', '02/29/1976', 'AC', 'prof');
INSERT INTO Преподаватель VALUES ('PMPT02', '2691115114513', 'Ана Тамплару', '11/15/1969', 'MPT', 'prof');
INSERT INTO Преподаватель VALUES ('PAC008', '2960804302600', 'Флавия Фернандез', '08/04/1986', 'AC', 'as');
INSERT INTO Преподаватель VALUES ('PET003', '2980202011110', 'Мария Бенвеню', '02/02/1998', 'ET', 'sl'); 
INSERT INTO Преподаватель VALUES ('PMEC04', '1680902369043', 'Ионас Влад', '09/02/1968', 'MEC', 'sl');
INSERT INTO Преподаватель VALUES ('PET004', '1691110103800', 'Михай Попеску', '11/10/1969', 'ET', 'conf');
INSERT INTO Преподаватель VALUES ('PING04', '1890331234801', 'Джон Вулкано', '03/31/1989', 'ING', 'sl'); 
INSERT INTO Преподаватель VALUES ('PET005', '2821121567812', 'Карла Штраус', '11/21/1982', 'ET', 'as');

-- Аудитория
DELETE FROM Аудитория;
INSERT INTO Аудитория VALUES ('A101', 1, 215);
INSERT INTO Аудитория VALUES ('SPM5', 3, 40);
INSERT INTO Аудитория VALUES ('A201', 2, 200);
INSERT INTO Аудитория VALUES ('MEC1', 1, 250);
INSERT INTO Аудитория VALUES ('D4', 1, 20);
INSERT INTO Аудитория VALUES ('MEC3', 3, 250);
INSERT INTO Аудитория VALUES ('C102', 1, 80);
INSERT INTO Аудитория VALUES ('HID1', 1, 120);
INSERT INTO Аудитория VALUES ('FIH5', 1, 120);
INSERT INTO Аудитория VALUES ('MEC5', 3, 120);
INSERT INTO Аудитория VALUES ('A106', 1, 170);
INSERT INTO Аудитория VALUES ('D1', 1, 350);
INSERT INTO Аудитория VALUES ('A109', 1, 80);
INSERT INTO Аудитория VALUES ('SPM1', 2, 60);
INSERT INTO Аудитория VALUES ('A309', 3, 80);
INSERT INTO Аудитория VALUES ('A204', 2, 64);
INSERT INTO Аудитория VALUES ('ASPC', 1, 300);
INSERT INTO Аудитория VALUES ('FIH1', 2, 220);
INSERT INTO Аудитория VALUES ('A111', 1, 70);
-- Курс
DELETE FROM Курс;
INSERT INTO Курс VALUES ('CRS04','Коммуникация','ET',1,1,'PSC001','Понедельник',8,'D4');
INSERT INTO Курс VALUES ('CRS14','Языки ассемблера','AC',2,1,'PAC002','Пятница',10,'A109');
INSERT INTO Курс VALUES ('CRS25','Программирование','ET',2,1,'PAC007','Среда',18,'A109');
INSERT INTO Курс VALUES ('CRS31','Механические системы','MEC',1,1,'PMEC04','Понедельник',16,'A101');
INSERT INTO Курс VALUES ('CRS15','Физика','AC',1,2,'PMEC01','Понедельник',12,'MEC5');
INSERT INTO Курс VALUES ('CRS05','Коммуникация','AC',1,1,'PSC001','Понедельник',18,'C102');
INSERT INTO Курс VALUES ('CRS10','Языки программирования','AC',1,1,'PAC001','Вторник',8,'A101');
INSERT INTO Курс VALUES ('CRS18','Цифровая логика','AC',2,1,'PAC003','Понедельник',14,'A201');
INSERT INTO Курс VALUES ('CRS07','Коммуникация','MEC',1,1,'PSC001','Вторник',8,'MEC5');
INSERT INTO Курс VALUES ('CRS13','Неопределенная логика','AC',4,1,'PAC003','Понедельник',18,'A106');
INSERT INTO Курс VALUES ('CRS21','Электрическое оборудование','ET',4,2,'PET002','Среда',18,'SPM1');
INSERT INTO Курс VALUES ('CRS32','Механические сборочные единицы','MEC',3,1,'PMEC04','Четверг',10,'MEC3');
INSERT INTO Курс VALUES ('CRS11','Веб-системы','AC',3,2,'PAC002','Пятница',8,'A106');
INSERT INTO Курс VALUES ('CRS01','Психология ребенка','PPD',NULL,1,'PPPD01','Понедельник',18,'SPM5');
INSERT INTO Курс VALUES ('CRS06','Коммуникация','MPT',1,1,'PSC001','Среда',8,'HID1');
INSERT INTO Курс VALUES ('CRS16','Электротехника','AC',1,2,'PET002','Вторник',14,'C102');
INSERT INTO Курс VALUES ('CRS33','Материалы','MEC',1,2,'PMEC04','Вторник',10,'MEC1');
INSERT INTO Курс VALUES ('CRS24','Электрическое оборудование','ET',3,2,'PET004','Вторник',12,'C102');
INSERT INTO Курс VALUES ('CRS44','Программирование','MPT',1,1,'PAC007','Понедельник',16,'A101');
INSERT INTO Курс VALUES ('CRS03','Дидактика специальности','PPD',NULL,2,'PPPD01','Четверг',16,'SPM1');
INSERT INTO Курс VALUES ('CRS50','Микроэкономика','MPT',1,2,'PMPT01','Четверг',14,'HID1');
INSERT INTO Курс VALUES ('CRS39','Квантовая физика 1','MEC',4,2,'PMEC02','Четверг',10,'MEC5');
INSERT INTO Курс VALUES ('CRS86','Механические системы','ING',1,1,'PING01','Вторник',13,'FIH1');
INSERT INTO Курс VALUES ('CRS88','Программирование 1','ING',1,2,'PING02','Четверг',10,'FIH5');
INSERT INTO Курс VALUES ('CRS48','Связи с общественностью','MPT',2,2,'PMPT02','Четверг',10,'A204');
INSERT INTO Курс VALUES ('CRS20','Экспертная система','AC',4,2,'PAC003','Среда',16,'A309');
INSERT INTO Курс VALUES ('CRS28','Физика','ET',1,1,'PMEC01','Понедельник',12,'A204');
INSERT INTO Курс VALUES ('CRS45','Политические науки','MPT',3,1,'PMPT01','Четверг',12,'A109');
INSERT INTO Курс VALUES ('CRS91','Физика жидкостей','ING',3,2,'PING01','Четверг',10,'FIH1');
INSERT INTO Курс VALUES ('CRS02','Педагогическое образование 1','PPD',NULL,2,'PPPD02','Четверг',14,'SPM1');
INSERT INTO Курс VALUES ('CRS92','Аэродинамика','ING',2,2,'PING01','Четверг',10,'FIH1');
INSERT INTO Курс VALUES ('CRS34','Программирование','MEC',2,1,'PAC007','Вторник',10,'A109');
INSERT INTO Курс VALUES ('CRS99','Квантовая физика','ING',4,2,'PING01','Четверг',10,'FIH1');
-- Студент - 55 студентов
DELETE FROM Студент;
INSERT INTO Студент VALUES ('SAC001','1021205355288','Емануэль Петреску','12/05/2002','Алея Студентов 8C, Тимишоара',1,6.68,NULL,'AC'); 
INSERT INTO Студент VALUES ('SIN006',NULL,'Иоан Фиодоров','01/06/2006','Плопилор 3a, Хунедоара',3,10.0,1000,'ING');
INSERT INTO Студент VALUES ('SIN007',NULL,'Ионела Зебра','10/18/2007','Штефан чел Маре 1, Хасдат',4,9.75,500,'ING');
INSERT INTO Студент VALUES ('SAC002',NULL,'Оана Лункан','02/15/2004','Алея Студентов 9C, Тимишоара',1,9.85,800,'AC'); 
INSERT INTO Студент VALUES ('SAC003',NULL,'Букур Сулчан','01/25/2003','Алея Студентов 8C, Тимишоара',1,9.56,800,'AC');
INSERT INTO Студент VALUES ('SET005',NULL,'Николае Оприта','09/26/2001','Карол Давила 5, Тимишоара',3,7.33,400,'ET'); 
INSERT INTO Студент VALUES ('SME004',NULL,'Оана Коман',NULL,'Алея Студентов 9C, Тимишоара',2,6.33,0,'MEC');
INSERT INTO Студент VALUES ('SME009',NULL,'Флоаре Элиса','07/11/2005','Алея Студентов 5C, Тимишоара',4,7.92,400,'MEC');
INSERT INTO Студент VALUES ('SET006','1060916','Раду Паскал','09/16/2006','Карол Давила 7, Тимишоара',3,5.33,400,'ET'); 
INSERT INTO Студент VALUES ('SET007',NULL,'Родика Тудоран','08/22/2006','Рэґеле Карол I 5, Тимишоара',4,9.78,800,'ET'); 
INSERT INTO Студент VALUES ('SAC004',NULL,'Надя Олару','04/01/2003','Алея Студентов 9C, Тимишоара',2,8.75,500,'AC'); 
INSERT INTO Студент VALUES ('SAC005','1020608128767','Флорин Крейнику','06/08/2002','Алея Студентов 7C, Тимишоара',2,6.82,400,'AC');
INSERT INTO Студент VALUES ('SMP007',NULL,'Карла Анатолия','08/19/2005','Марешал Пресан 2, Тимишоара',2,6.75,NULL,'MPT');
INSERT INTO Студент VALUES ('SMP008',NULL,'Петру Камаразов','12/11/2001','Мартитилор 4, Тимишоара',3,9.45,500,'MPT');
INSERT INTO Студент VALUES ('SME002','1020314354789','Григори Тома','03/14/2002','Фикушулуй 55, Тимишоара',1,10,1000,'MEC');
INSERT INTO Студент VALUES ('SET002','1030918377823','Василе Лука','09/18/2003','Алея Студентов 4C, Тимишоара',1,8.12,400,'ET'); 
INSERT INTO Студент VALUES ('SME003','1031204354778','Мариус Лукачу','12/04/2003','Алея Студентов 8C, Тимишоара',1,8.66,500,'MEC');
INSERT INTO Студент VALUES ('SIN001','2001118357665','Каиюс Крисан','11/18/2000','Улица Луни 3, Хунедоара',1,9.75,800,'ING');
INSERT INTO Студент VALUES ('SIN002',NULL,'Цезар Нисторан',NULL,'Улица Луни 5, Хунедоара',1,8.05,NULL,'ING');
INSERT INTO Студент VALUES ('SMP002','1001120304050','Зана Абаку','11/20/2000','Плопилор 7b, Тимишоара',2,10.0,1000,'MPT');
INSERT INTO Студент VALUES ('SMP003','2030118192021','Амалиа Бутан','01/18/2003','Алея Студентов 9B, Тимишоара',1,9.95,800,'MPT');
INSERT INTO Студент VALUES ('SET008',NULL,'Илеана Каракал',NULL,'Рэґеле Фердинанд 8, Тимишоара',4,9.14,500,'ET'); 
INSERT INTO Студент VALUES ('SMP004','1040118050607','Марин Паскал','07/11/2004','Алея Студентов 8A, Тимишоара',1,9.75,800,'MPT');
INSERT INTO Студент VALUES ('SIN008',NULL,'Калра Фратеску',NULL,'Аврам Янку 5, Хунедоара',4,5.75,0,'ING');
INSERT INTO Студент VALUES ('SIN009',NULL,'Лена Умбреску',NULL,'Анри Коанда 7, Хунедоара',1,7.75,NULL,'ING');
INSERT INTO Студент VALUES ('SIN010',NULL,'Ион Имбреску',NULL,'Улица Школы 6, Хасдат',2,9.15,500,'ING');
INSERT INTO Студент VALUES ('SAC006','1020608129812','Флориан Белу','06/08/2002','Алея Студентов 3C, Тимишоара',3,7.78,400,'AC');
INSERT INTO Студент VALUES ('SAC009','1001125213823','Митица Мачелару','11/25/2000','Алея Тейлор 23, Тимишоара',4,7.25,NULL,'AC');
INSERT INTO Студент VALUES ('SME010','1050404304578','Флорин Боб','04/04/2005','Алея Студентов 4A, Тимишоара',2,7.87,0,'MEC');
INSERT INTO Студент VALUES ('SME011',NULL,'Зана Апреотеси',NULL,'Алея Студентов 4B, Тимишоара',1,7.25,0,'MEC');
INSERT INTO Студент VALUES ('SAC010','2010918217312','Иоана Рошу','09/18/2001','Улица Дуная 19, Арад',1,9.15,700,'AC');
INSERT INTO Студент VALUES ('SME005',NULL,'Цезара Ионел',NULL,'Алея Студентов 2B, Тимишоара',3,7.98,0,'MEC');
INSERT INTO Студент VALUES ('SME006','1020310987812','Флавиус Чокан','03/10/2002','Алея Студентов 2A, Тимишоара',3,6.30,NULL,'MEC');
INSERT INTO Студент VALUES ('SET010',NULL,'Анджело Урс','01/15/2005','Миоритеи 23, Тимишоара',3,6.33,NULL,'ET'); 
INSERT INTO Студент VALUES ('SET011',NULL,'Габриэль Онеску','12/30/2005','Аврам Янку 40, Тимишоара',2,7.47,NULL,'ET'); 
INSERT INTO Студент VALUES ('SME001','2001118357665','Амелия Крисан','11/18/2000','Плопилор 3a, Тимишоара',2,8.75,500,'MEC');
INSERT INTO Студент VALUES ('SMP001','2001118357665','Амелия Африкана','11/18/2000','Алея Студентов 13, Тимишоара',2,6.75,400,'MPT');
INSERT INTO Студент VALUES ('SAC007','2030815129839','Кармен Танасе','08/15/2003','Алея Студентов 2C, Тимишоара',4,8.00,400,'AC');
INSERT INTO Студент VALUES ('SAC008','1031214908123','Гелу Ионеску','12/14/2003','Карол Давила 72, Тимишоара',4,6.15,800,'AC');
-- Студент - 14 студентов
INSERT INTO Студент VALUES ('SMP005',NULL,'Марио Франко',NULL,'Балэнеи 90, Тимишоара',2,6.75,NULL,'MPT');
INSERT INTO Студент VALUES ('SMP006',NULL,'Виктор Ариешан','05/08/2007','Михай Эминеску 8, Тимишоара',3,9.25,500,'MPT');
INSERT INTO Студент VALUES ('SME007',NULL,'Касиан Ванатору','08/14/2006','Аль. Студентилор 7А, Тимишоара',1,6.15,NULL,'MEC');
INSERT INTO Студент VALUES ('SME008',NULL,'Франсуа Бранза',NULL,'Аль. Студентилор 7С, Тимишоара',4,5.72,NULL,'MEC');
INSERT INTO Студент VALUES ('SAC011','2060817918237','Дора Варлан','08/17/2006','Аль. Студентилор 3С, Тимишоара',3,10.0,1000,'AC');
INSERT INTO Студент VALUES ('SAC012','2060702912301','Виолетта Чобану','07/02/2006','Аль. Студентилор 3С, Тимишоара',3,9.15,700,'AC');
INSERT INTO Студент VALUES ('SAC013','1070110464045','Виорел Падурару','01/10/2007','Аль. Студентилор 8С, Тимишоара',3,9.15,700,'AC');
INSERT INTO Студент VALUES ('SAC014','1080229123691','Гита Черкель','02/29/2008','Аль. Студентилор 4С, Тимишоара',2,10.0,1000,'AC');
INSERT INTO Студент VALUES ('SIN003','1030618987126','Дарий Феннику','06/18/2003','Плопилор 3а, Хасдат',2,6.60,NULL,'ING');
INSERT INTO Студент VALUES ('SIN004','1020320301020','Зана Агенталулуи','03/20/2002','Стр. Регелуи 1, Хунедоара',2,8.10,NULL,'ING');
INSERT INTO Студент VALUES ('SET003','1010519357885','Карол Жинка','05/19/2001','Аль. Студентилор 8С, Тимишоара',2,9.75,800,'ET'); 
INSERT INTO Студент VALUES ('SET004','2020823354334','Иоана Вулпе','08/23/2002','Аль. Студентилор 9С, Тимишоара',2,7.50,0,'ET'); 
INSERT INTO Студент VALUES ('SIN005','2030307012981','Ион Марчел','03/07/2003','Стр. Луни 3, Хунедоара',3,7.75,NULL,'ING');
INSERT INTO Студент VALUES ('SAC015','2030630231763','Ион Брайлойу','06/30/2003','Аль. Студентилор 4С, Тимишоара',2,6.15,0,'AC');
INSERT INTO Студент VALUES ('SET001','2040912345623','Элизабета Марис','09/12/2004','Аль. Студентилор 9С, Тимишоара',1,9.65,800,'ET'); 
INSERT INTO Студент VALUES ('SET009','2040226','Иоана Персан','02/06/2004','Бд. Четатий 8Б, Тимишоара',3,9.89,500,'ET');

/* Контракт 160 контрактов */
DELETE FROM Контракт;
INSERT INTO Контракт VALUES (1961,'SAC003','CRS05',2025,1,4.67);
INSERT INTO Контракт VALUES (1962,'SAC004','CRS18',2022,1,6.48);
INSERT INTO Контракт VALUES (1963,'SAC014','CRS14',2024,1,4.91);
INSERT INTO Контракт VALUES (1964,'SME009','CRS39',2023,2,3.56);
INSERT INTO Контракт VALUES (1965,'SME010','CRS34',2023,1,3.89);
INSERT INTO Контракт VALUES (1966,'SMP005','CRS48',2022,2,5.9);
INSERT INTO Контракт VALUES (1967,'SIN002','CRS86',2022,1,3.58);
INSERT INTO Контракт VALUES (1968,'SIN009','CRS88',2025,2,4.37);
INSERT INTO Контракт VALUES (1969,'SAC006','CRS10',2023,1,6.98);
INSERT INTO Контракт VALUES (1970,'SAC007','CRS05',2024,1,4.47);
INSERT INTO Контракт VALUES (1971,'SAC011','CRS10',2023,1,3.19);
INSERT INTO Контракт VALUES (1972,'SAC012','CRS18',2023,1,5.44);
INSERT INTO Контракт VALUES (1973,'SAC013','CRS10',2025,1,4.4);
INSERT INTO Контракт VALUES (1974,'SET005','CRS25',2025,1,3.55);
INSERT INTO Контракт VALUES (1975,'SET007','CRS28',2024,1,6.86);
INSERT INTO Контракт VALUES (1976,'SET008','CRS28',2023,1,3.49);
INSERT INTO Контракт VALUES (1977,'SME005','CRS31',2023,1,3.73);
INSERT INTO Контракт VALUES (1978,'SME010','CRS33',2023,2,5.43);
INSERT INTO Контракт VALUES (1979,'SMP001','CRS44',2023,1,5.06);
INSERT INTO Контракт VALUES (1980,'SMP005','CRS50',2024,2,5.13);
INSERT INTO Контракт VALUES (1981,'SMP007','CRS06',2023,1,3.74);
INSERT INTO Контракт VALUES (1982,'SMP007','CRS44',2023,1,4.22);
INSERT INTO Контракт VALUES (1983,'SIN006','CRS88',2024,2,3.41);
INSERT INTO Контракт VALUES (1984,'SIN006','CRS92',2024,2,6.05);
INSERT INTO Контракт VALUES (1985,'SIN010','CRS86',2022,1,6.35);
INSERT INTO Контракт VALUES (1986,'SAC004','CRS10',2024,1,3.56);
INSERT INTO Контракт VALUES (1987,'SAC004','CRS16',2025,2,5.32);
INSERT INTO Контракт VALUES (1988,'SAC009','CRS11',2024,2,4.18);
INSERT INTO Контракт VALUES (1926,'SME006','CRS03',2021,2,7.88);
INSERT INTO Контракт VALUES (1930,'SET006','CRS03',2023,2,9.31);
INSERT INTO Контракт VALUES (1933,'SAC006','CRS03',2022,2,6.95);
INSERT INTO Контракт VALUES (1934,'SMP006','CRS03',2022,2,8.99);
INSERT INTO Контракт VALUES (1935,'SAC011','CRS03',2022,2,8.11);
INSERT INTO Контракт VALUES (1937,'SAC013','CRS03',2022,2,5.48);
INSERT INTO Контракт VALUES (1938,'SIN006','CRS03',2023,2,5.81);
INSERT INTO Контракт VALUES (1942,'SET007','CRS03',2022,2,8.8);
INSERT INTO Контракт VALUES (1944,'SME009','CRS03',2022,2,9.49);
INSERT INTO Контракт VALUES (1945,'SME008','CRS03',2024,2,8.37);
INSERT INTO Контракт VALUES (1946,'SAC008','CRS03',2024,2,5.76);
INSERT INTO Контракт VALUES (1542,'SAC001','CRS05',2023,1,NULL);
INSERT INTO Контракт VALUES (1543,'SAC001','CRS10',2023,1,NULL);
INSERT INTO Контракт VALUES (1544,'SAC001','CRS15',2024,2,NULL);
INSERT INTO Контракт VALUES (1545,'SAC001','CRS16',2023,2,NULL);
INSERT INTO Контракт VALUES (1546,'SAC002','CRS05',2024,1,5.87);
INSERT INTO Контракт VALUES (1548,'SAC002','CRS15',2023,2,6.27);
INSERT INTO Контракт VALUES (1549,'SAC002','CRS16',2024,2,9.4);
INSERT INTO Контракт VALUES (1550,'SAC003','CRS05',2024,1,3.78);
INSERT INTO Контракт VALUES (1552,'SAC003','CRS15',2023,2,7.93);
INSERT INTO Контракт VALUES (1553,'SAC003','CRS16',2022,2,5.11);
INSERT INTO Контракт VALUES (1555,'SAC004','CRS18',2021,1,NULL);
INSERT INTO Контракт VALUES (1557,'SAC005','CRS18',2023,1,8.95);
INSERT INTO Контракт VALUES (1558,'SAC006','CRS11',2022,2,7.55);
INSERT INTO Контракт VALUES (1559,'SAC007','CRS13',2023,1,6.51);
INSERT INTO Контракт VALUES (1561,'SAC008','CRS13',2023,1,7.19);
INSERT INTO Контракт VALUES (1562,'SAC008','CRS20',2023,2,7.52);
INSERT INTO Контракт VALUES (1563,'SAC009','CRS13',2023,1,NULL);
INSERT INTO Контракт VALUES (1564,'SAC009','CRS20',2022,2,6.01);
INSERT INTO Контракт VALUES (1565,'SAC010','CRS05',2023,1,3.76);
INSERT INTO Контракт VALUES (1566,'SAC010','CRS10',2022,1,6.43);
INSERT INTO Контракт VALUES (1567,'SAC010','CRS15',2021,2,3.76);
INSERT INTO Контракт VALUES (1568,'SAC010','CRS16',2021,2,7.84);
INSERT INTO Контракт VALUES (1569,'SAC011','CRS11',2024,2,9.41);
INSERT INTO Контракт VALUES (1570,'SAC012','CRS11',2022,2,8.36);
INSERT INTO Контракт VALUES (1571,'SAC013','CRS11',2022,2,9.43);
INSERT INTO Контракт VALUES (1572,'SAC014','CRS14',2023,1,2.95);
INSERT INTO Контракт VALUES (1574,'SAC015','CRS14',2023,1,7.11);
INSERT INTO Контракт VALUES (1575,'SAC015','CRS18',2022,1,5.2);
INSERT INTO Контракт VALUES (1576,'SET001','CRS04',2022,1,7.59);
INSERT INTO Контракт VALUES (1577,'SET001','CRS28',2021,1,5.93);
INSERT INTO Контракт VALUES (1579,'SET002','CRS28',2024,1,6.42);
INSERT INTO Контракт VALUES (1580,'SET003','CRS25',2022,1,6.08);
INSERT INTO Контракт VALUES (1582,'SET005','CRS24',2024,2,8.82);
INSERT INTO Контракт VALUES (1583,'SET006','CRS24',2022,2,8.74);
INSERT INTO Контракт VALUES (1584,'SET007','CRS21',2023,2,9.06);
INSERT INTO Контракт VALUES (1585,'SET008','CRS21',2022,2,9.94);
INSERT INTO Контракт VALUES (1586,'SET009','CRS24',2022,2,7.12);
INSERT INTO Контракт VALUES (1589,'SME001','CRS34',2024,1,5.76);
INSERT INTO Контракт VALUES (1590,'SME002','CRS07',2024,1,5.81);
INSERT INTO Контракт VALUES (1591,'SME002','CRS31',2024,1,8.44);
INSERT INTO Контракт VALUES (1592,'SME002','CRS33',2023,2,NULL);
INSERT INTO Контракт VALUES (1593,'SME003','CRS07',2021,1,5.69);
INSERT INTO Контракт VALUES (1594,'SME003','CRS31',2023,1,6.67);
INSERT INTO Контракт VALUES (1596,'SME004','CRS34',2021,1,9.32);
INSERT INTO Контракт VALUES (1597,'SME005','CRS32',2021,1,7.01);
INSERT INTO Контракт VALUES (1598,'SME006','CRS32',2023,1,8.15);
INSERT INTO Контракт VALUES (1599,'SME007','CRS07',2024,1,5.15);
INSERT INTO Контракт VALUES (1600,'SME007','CRS31',2023,1,6.35);
INSERT INTO Контракт VALUES (1601,'SME007','CRS33',2022,2,8.11);
INSERT INTO Контракт VALUES (1603,'SME009','CRS39',2022,2,NULL);
INSERT INTO Контракт VALUES (1604,'SME010','CRS34',2022,1,2.17);
INSERT INTO Контракт VALUES (1605,'SME011','CRS07',2023,1,NULL);
INSERT INTO Контракт VALUES (1606,'SME011','CRS31',2023,1,9.89);
INSERT INTO Контракт VALUES (1607,'SME011','CRS33',2021,2,6.22);
INSERT INTO Контракт VALUES (1608,'SMP001','CRS48',2023,2,6.01);
INSERT INTO Контракт VALUES (1609,'SMP002','CRS48',2023,2,NULL);
INSERT INTO Контракт VALUES (1610,'SMP003','CRS06',2021,1,NULL);
INSERT INTO Контракт VALUES (1611,'SMP003','CRS44',2022,1,NULL);
INSERT INTO Контракт VALUES (1613,'SMP004','CRS06',2022,1,6.62);
INSERT INTO Контракт VALUES (1614,'SMP004','CRS44',2024,1,9.39);
INSERT INTO Контракт VALUES (1615,'SMP004','CRS50',2023,2,5.09);
INSERT INTO Контракт VALUES (1616,'SMP005','CRS48',2021,2,NULL);
INSERT INTO Контракт VALUES (1617,'SMP006','CRS45',2021,1,NULL);
INSERT INTO Контракт VALUES (1619,'SMP008','CRS45',2022,1,8.66);
INSERT INTO Контракт VALUES (1620,'SIN001','CRS86',2023,1,6.87);
INSERT INTO Контракт VALUES (1621,'SIN001','CRS88',2022,2,6.97);
INSERT INTO Контракт VALUES (1622,'SIN002','CRS86',2021,1,NULL);
INSERT INTO Контракт VALUES (1624,'SIN003','CRS92',2021,2,9.54);
INSERT INTO Контракт VALUES (1625,'SIN004','CRS92',2024,2,9.35);
INSERT INTO Контракт VALUES (1626,'SIN005','CRS91',2022,2,7);
INSERT INTO Контракт VALUES (1627,'SIN006','CRS91',2023,2,6.26);
INSERT INTO Контракт VALUES (1628,'SIN007','CRS99',2022,2,5.23);
INSERT INTO Контракт VALUES (1629,'SIN008','CRS99',2022,2,6.82);
INSERT INTO Контракт VALUES (1630,'SIN009','CRS86',2022,1,6.89);
INSERT INTO Контракт VALUES (1631,'SIN009','CRS88',2024,2,NULL);
INSERT INTO Контракт VALUES (1632,'SIN010','CRS92',2022,2,4.55);
INSERT INTO Контракт VALUES (1636,'SAC004','CRS16',2021,2,NULL);
INSERT INTO Контракт VALUES (1638,'SAC005','CRS10',2022,1,6.97);
INSERT INTO Контракт VALUES (1642,'SAC006','CRS10',2022,1,3.79);
INSERT INTO Контракт VALUES (1643,'SAC006','CRS14',2021,1,9.93);
INSERT INTO Контракт VALUES (1647,'SAC007','CRS05',2023,1,NULL);
INSERT INTO Контракт VALUES (1649,'SAC007','CRS11',2022,2,6.21);
INSERT INTO Контракт VALUES (1651,'SAC007','CRS15',2023,2,6.52);
INSERT INTO Контракт VALUES (1654,'SAC008','CRS05',2023,1,8.69);
INSERT INTO Контракт VALUES (1655,'SAC008','CRS10',2023,1,5.92);
INSERT INTO Контракт VALUES (1658,'SAC008','CRS15',2021,2,7.4);
INSERT INTO Контракт VALUES (1663,'SAC009','CRS11',2024,2,8.24);
INSERT INTO Контракт VALUES (1667,'SAC009','CRS18',2022,1,8.19);
INSERT INTO Контракт VALUES (1669,'SAC011','CRS10',2022,1,3.07);
INSERT INTO Контракт VALUES (1678,'SAC012','CRS16',2023,2,6.51);
INSERT INTO Контракт VALUES (1679,'SAC012','CRS18',2022,1,NULL);
INSERT INTO Контракт VALUES (1681,'SAC013','CRS10',2024,1,NULL);
INSERT INTO Контракт VALUES (1700,'SET005','CRS25',2024,1,NULL);
INSERT INTO Контракт  VALUES (1703,'SET006','CRS25',2024,1,9.53);
INSERT INTO Контракт  VALUES (1704,'SET007','CRS04',2023,1,9.16);
INSERT INTO Контракт  VALUES (1705,'SET007','CRS28',2023,1,4.37);
INSERT INTO Контракт  VALUES (1706,'SET007','CRS24',2023,2,6.57);
INSERT INTO Контракт  VALUES (1709,'SET008','CRS28',2022,1,NULL);
INSERT INTO Контракт  VALUES (1721,'SME001','CRS31',2022,1,9.19);
INSERT INTO Контракт  VALUES (1722,'SME001','CRS33',2022,2,7.52);
INSERT INTO Контракт  VALUES (1727,'SME005','CRS31',2022,1,3.21);
INSERT INTO Контракт  VALUES (1736,'SME008','CRS32',2023,1,8.24);
INSERT INTO Контракт  VALUES (1742,'SME009','CRS33',2024,2,NULL);
INSERT INTO Контракт  VALUES (1746,'SME010','CRS33',2022,2,NULL);
INSERT INTO Контракт  VALUES (1748,'SMP001','CRS44',2022,1,4.34);
INSERT INTO Контракт  VALUES (1751,'SMP002','CRS44',2022,1,5.65);
INSERT INTO Контракт  VALUES (1755,'SMP005','CRS50',2023,2,NULL);
INSERT INTO Контракт  VALUES (1760,'SMP007','CRS06',2022,1,NULL);
INSERT INTO Контракт  VALUES (1761,'SMP007','CRS44',2022,1,NULL);
INSERT INTO Контракт  VALUES (1762,'SMP007','CRS50',2023,2,3.31);
INSERT INTO Контракт  VALUES (1765,'SMP008','CRS48',2022,2,2.12);
INSERT INTO Контракт  VALUES (1775,'SIN006','CRS88',2023,2,NULL);
INSERT INTO Контракт  VALUES (1776,'SIN006','CRS92',2023,2,NULL);
INSERT INTO Контракт  VALUES (1777,'SIN007','CRS86',2023,1,8.12);
INSERT INTO Контракт  VALUES (1784,'SIN008','CRS92',2021,2,NULL);
INSERT INTO Контракт  VALUES (1785,'SIN010','CRS86',2021,1,4.65);
INSERT INTO Контракт  VALUES (1788,'SAC004','CRS10',2023,1,NULL);
INSERT INTO Контракт  VALUES (1790,'SAC004','CRS16',2024,2,NULL);
INSERT INTO Контракт  VALUES (1797,'SAC007','CRS11',2022,2,6.81);
INSERT INTO Контракт  VALUES (1799,'SAC009','CRS11',2023,2,NULL);
INSERT INTO Контракт  VALUES (1806,'SAC014','CRS05',2021,1,6.98);
INSERT INTO Контракт  VALUES (1822,'SET009','CRS25',2023,1,6.02);
INSERT INTO Контракт  VALUES (1834,'SME008','CRS32',2024,1,5.08);
INSERT INTO Контракт  VALUES (1837,'SME010','CRS31',2021,1,7.95);
INSERT INTO Контракт  VALUES (1842,'SMP002','CRS06',2022,1,5.79);
INSERT INTO Контракт  VALUES (1845,'SMP005','CRS06',2022,1,8.28);
INSERT INTO Контракт  VALUES (1852,'SMP008','CRS48',2022,2,8.41);
INSERT INTO Контракт  VALUES (1862,'SIN010','CRS88',2023,2,6.93);
INSERT INTO Контракт  VALUES (1864,'SAC002','CRS01',2022,1,9.11);
INSERT INTO Контракт  VALUES (1865,'SIN009','CRS01',2023,1,7.15);
INSERT INTO Контракт  VALUES (1867,'SIN001','CRS01',2022,1,7.64);
INSERT INTO Контракт  VALUES (1869,'SMP003','CRS01',2021,1,6.59);
INSERT INTO Контракт  VALUES (1874,'SET002','CRS01',2023,1,6.95);
INSERT INTO Контракт  VALUES (1880,'SME010','CRS01',2021,1,8.52);
INSERT INTO Контракт  VALUES (1883,'SIN003','CRS01',2024,1,7.19);
INSERT INTO Контракт  VALUES (1884,'SMP005','CRS01',2021,1,7.61);
INSERT INTO Контракт  VALUES (1886,'SET003','CRS01',2023,1,6.85);
INSERT INTO Контракт  VALUES (1890,'SAC005','CRS01',2021,1,5.35);
INSERT INTO Контракт  VALUES (1893,'SMP007','CRS01',2021,1,6.96);
INSERT INTO Контракт  VALUES (1895,'SMP001','CRS02',2022,2,6.93);
INSERT INTO Контракт  VALUES (1896,'SIN010','CRS02',2021,2,6.92);
INSERT INTO Контракт  VALUES (1898,'SMP002','CRS02',2024,2,5.28);
INSERT INTO Контракт  VALUES (1899,'SAC015','CRS02',2023,2,8.32);
INSERT INTO Контракт  VALUES (1900,'SIN003','CRS02',2022,2,7.54);
INSERT INTO Контракт  VALUES (1902,'SAC004','CRS02',2023,2,9.52);
INSERT INTO Контракт  VALUES (1904,'SET004','CRS02',2023,2,6.54);
INSERT INTO Контракт  VALUES (1908,'SAC014','CRS02',2021,2,7.55);
INSERT INTO Контракт  VALUES (1915,'SET009','CRS02',2024,2,6.99);
INSERT INTO Контракт  VALUES (1917,'SET005','CRS02',2022,2,8.98);
INSERT INTO Контракт  VALUES (1920,'SMP006','CRS02',2023,2,9.84);
INSERT INTO Контракт  VALUES (1921,'SAC011','CRS02',2023,2,6.81);
INSERT INTO Контракт  VALUES (1922,'SAC012','CRS02',2024,2,8.54);
INSERT INTO Контракт  VALUES (1924,'SIN006','CRS02',2024,2,6.44);
INSERT INTO Контракт  VALUES (1925,'SIN005','CRS02',2022,2,5.43);
